2018-07-24 05:38:21,b'Rahul Gandhi vs PM Modi Speech: Who was better? | Analysis by Dhruv Rathee #India #Politics #Modi #BJP #NDA\xe2\x80\xa6 https://t.co/n0KwVjGHTp'
2018-07-24 05:37:51,b'@Dhuandhaar Never believe in a person who is talking too much #Modi and Any thing can be possible if world unites #ThaiCaveRescue'
2018-07-24 05:37:45,b'RT @mythr89: @TVMohandasPai @chetan_bhagat\n@Prof_Hariom @ippatel @vivekagnihotri @Swamy39 @punarutthana @jsaideepak\n@SrijanFn @People4Dharm\xe2\x80\xa6'
2018-07-24 05:37:39,b'@TVMohandasPai @chetan_bhagat\n@Prof_Hariom @ippatel @vivekagnihotri @Swamy39 @punarutthana @jsaideepak\n@SrijanFn\xe2\x80\xa6 https://t.co/uy7USi29Ar'
2018-07-24 05:37:31,"b""RT @AzharPanni: @betterpakistan If \xf0\x9f\x87\xb5\xf0\x9f\x87\xb0's nuclear button can be entrusted to #Modi's Yaar #NawazSharif the goofiest PM  of Pakistan then sure\xe2\x80\xa6"""
2018-07-24 05:37:29,b'RT @samirsaran: My latest for the @wef on the @PMOIndia \xe2\x80\x98s speech at #Shangrila and what we must attempt to do soon. \n\n#IndoPacific #Modi #\xe2\x80\xa6'
2018-07-24 05:37:07,"b'Thanks to the comment of a union minister that #lynchings are a sign of popularity for #Modi, #Lynchistan has final\xe2\x80\xa6 https://t.co/mCFFcX64RL'"
2018-07-24 05:34:13,b'RT @npuk1: #India PM #Modi leaves for #Rwanda. With #China Pres Xi already in Rwanda the cntry is getting lots of attention https://t.co/pd\xe2\x80\xa6'
2018-07-24 05:33:31,b'#Rosneft $241.4 billion #lawsuit  sSakhalin-1 firms #exxonmobil + #ONGC \ncmon watson\nthe #oil #GreafGame++ afoot\xe2\x80\xa6 https://t.co/YnOlh37osi'
2018-07-24 05:29:24,"b'@BDUTT @RahulGandhi @narendramodi @washingtonpost Poor Barka is so confused. She lost it. She talks about strategy,\xe2\x80\xa6 https://t.co/6sNwesXFvO'"
2018-07-24 05:29:13,"b'Congies, commies, AAPtards a d librards can compare now!! Ab ki baar 400 paar. Har baar #Modi sarkaar\n#ModiFor2019\xe2\x80\xa6 https://t.co/d7lXWitEFG'"
2018-07-24 05:27:14,b'RT @ramanmann1974: Market prices of 12 among the 14 #kharif #crops for which the Min Support Prices #MSP were announced by #Modi #Govt earl\xe2\x80\xa6'
2018-07-24 05:23:58,b'RT @npuk1: #India PM #Modi leaves for #Rwanda. With #China Pres Xi already in Rwanda the cntry is getting lots of attention https://t.co/pd\xe2\x80\xa6'
2018-07-24 05:23:27,b'Death for Rapists bill Tabled in #LS ; Centre sets up panels to check mobocracy ; New Commission to replace #UGC wi\xe2\x80\xa6 https://t.co/sQQklvpqFX'
2018-07-24 05:18:41,"b'RT @shubhpilot: \xe0\xa4\xa6\xe0\xa4\xbf\xe0\xa4\xb2 \xe0\xa4\x95\xe0\xa5\x87 \xe0\xa4\x9f\xe0\xa5\x81\xe0\xa4\x95\xe0\xa4\xa1\xe0\xa4\xbc\xe0\xa5\x87 \xe0\xa4\x9f\xe0\xa5\x81\xe0\xa4\x95\xe0\xa4\xa1\xe0\xa4\xbc\xe0\xa5\x87 \xe0\xa4\x95\xe0\xa4\xb0, \xe0\xa4\xae\xe0\xa5\x81\xe0\xa4\xb8\xe0\xa5\x8d\xe0\xa4\x95\xe0\xa5\x81\xe0\xa4\xb0\xe0\xa4\xbe\xe0\xa4\x95\xe0\xa4\xb0 \xe0\xa4\x9a\xe0\xa4\xb2 \xe0\xa4\xa6\xe0\xa4\xbf\xe0\xa4\xaf\xe0\xa5\x87 \xf0\x9f\x98\x8a \n#Modi Has No Problem To Hug #Nawaz And His Biryani In Pak, But He Behaved Ar\xe2\x80\xa6'"
2018-07-24 05:17:55,b'RT @samirsaran: My latest for the @wef on the @PMOIndia \xe2\x80\x98s speech at #Shangrila and what we must attempt to do soon. \n\n#IndoPacific #Modi #\xe2\x80\xa6'
2018-07-24 05:16:45,b'RT @samirsaran: My latest for the @wef on the @PMOIndia \xe2\x80\x98s speech at #Shangrila and what we must attempt to do soon. \n\n#IndoPacific #Modi #\xe2\x80\xa6'
2018-07-24 05:16:41,b'RT @drshamamohd: Rakhbar Khan was an innocent dairy farmer who never harmed a cow in his life. \n\nHe was lynched merely for being Muslim.\xe2\x80\xa6'
2018-07-24 05:14:21,"b'Narendra Modi may have won no-confidence motion, but Rahul Gandhi\xe2\x80\x99s hug ensured PM lost his narrative. #narendramodi #modi #bjp #congress'"
2018-07-24 05:14:04,b'RT @axompremi: #modi too to geyo https://t.co/bhwcbEFZLa'
2018-07-24 05:13:13,b'RT @samirsaran: My latest for the @wef on the @PMOIndia \xe2\x80\x98s speech at #Shangrila and what we must attempt to do soon. \n\n#IndoPacific #Modi #\xe2\x80\xa6'
2018-07-24 05:12:44,b'RT @rachitsharma0: @tavleen_singh #India existed before #Modi and will fly high post his tenure. INDIA is bigger than any individual. And t\xe2\x80\xa6'
2018-07-24 05:11:35,b'#modi too to geyo https://t.co/bhwcbEFZLa'
2018-07-24 05:08:04,"b'#India before 2014 believed in #Gandhi Ji, post 2014 in #Godse \nRSS n #Modi should get standing ovation\nThey\xe2\x80\x99re painting scenery differently'"
2018-07-24 05:03:35,b'RT @rajyashw: #LutyensMedia will never report this and other good schemes that are brought by #Modi government.\n\nTheir only job is to 24 ho\xe2\x80\xa6'
2018-07-24 05:03:15,b'RT @MatrimonyKpj: Search your perfect life-partner from millions of verified profiles. \n#nadar #vanniyar #Vishwakarma #Naidu #Thevar #Yadav\xe2\x80\xa6'
2018-07-24 05:02:55,b'Search your perfect life-partner from millions of verified profiles. \n#nadar #vanniyar #Vishwakarma #Naidu #Thevar\xe2\x80\xa6 https://t.co/WLxsBkmTXY'
2018-07-24 05:02:37,"b'PM #Modi is the first and only Prime Minister to have visited #Rwanda and many other places. Why Indira Gandhi, Lal\xe2\x80\xa6 https://t.co/F7x83KU2Fs'"
2018-07-24 04:58:13,b'RT @DrMerajj: I congratulate #Modi to be come the first prime minister of India in whose rule animals became more important than human!! #S\xe2\x80\xa6'
2018-07-24 04:57:02,b'RT @OhM02: Since 2014 The increased number of Mob lynching show that it could be a proposed or propaganda of those people\xe2\x80\x99s who are afraid\xe2\x80\xa6'
2018-07-24 04:56:58,b'RT @samirsaran: My latest for the @wef on the @PMOIndia \xe2\x80\x98s speech at #Shangrila and what we must attempt to do soon. \n\n#IndoPacific #Modi #\xe2\x80\xa6'
2018-07-24 04:56:50,"b""RT @DrGarekar: touching PM's chair was part of Black Magic.....so that good health of #Modi deteriorates in no time https://t.co/vgTKaj5GKR"""
2018-07-24 04:56:38,"b'RT @ashokeraj007: What @SanjayAzadSln said during all party meet Infront of PM #Modi is here, https://t.co/PPYkVSqnxC'"
2018-07-24 04:55:45,b'RT @rachitsharma0: @tavleen_singh #India existed before #Modi and will fly high post his tenure. INDIA is bigger than any individual. And t\xe2\x80\xa6'
2018-07-24 04:55:39,b'RT @drshamamohd: A WhatsApp group admin has been in jail for 5 months in MP after a group member posted an objectionable msg. \n\nOn the othe\xe2\x80\xa6'
2018-07-24 04:54:05,b'RT @krirtna: @DrMadanMohanJha @RahulGandhi The #Modi govt is busy spending thousands of crores of our tax money in ADs to prove otherwise.\xe2\x80\xa6'
2018-07-24 04:51:10,b'#Modi is the 1st PM to visit Rwanda. \nModiji will be the 1st PM to have a cloud named after him.'
2018-07-24 04:50:58,b'@Twitter you took away my 2000 followers you can take rest also .....Drunken Thoughts would wait till .....to see y\xe2\x80\xa6 https://t.co/fA7xOUiWP3'
2018-07-24 04:50:32,b'RT @indian_politics: He will become the first to visit the moon as well! #Rwanda #Modi https://t.co/JpRuIO1Ix6'
2018-07-24 04:50:16,b'He will become the first to visit the moon as well! #Rwanda #Modi https://t.co/JpRuIO1Ix6'
2018-07-24 04:49:07,b'RT @DrMerajj: I congratulate #Modi to be come the first prime minister of India in whose rule animals became more important than human!! #S\xe2\x80\xa6'
2018-07-24 04:48:38,b'RT @rachitsharma0: @tavleen_singh #India existed before #Modi and will fly high post his tenure. INDIA is bigger than any individual. And t\xe2\x80\xa6'
2018-07-24 04:47:55,"b""RT @DrGarekar: touching PM's chair was part of Black Magic.....so that good health of #Modi deteriorates in no time https://t.co/vgTKaj5GKR"""
2018-07-24 04:46:18,b'RT @Teloogoo: Shows how #Modi is ripping of Dravidian states &amp; diverting massive funds to financial parasite Uttar Pradesh.. UP gets money\xe2\x80\xa6'
2018-07-24 04:43:55,"b""touching PM's chair was part of Black Magic.....so that good health of #Modi deteriorates in no time https://t.co/vgTKaj5GKR"""
2018-07-24 04:42:47,"b""RT @drshamamohd: #Rafale deal prices- Can't be disclosed! \n\nDetails of PM #Modi's entourage on foreign trips- Can't be disclosed! \n\nModi ji\xe2\x80\xa6"""
2018-07-24 04:38:18,"b'RT @shubhpilot: \xe0\xa4\xa6\xe0\xa4\xbf\xe0\xa4\xb2 \xe0\xa4\x95\xe0\xa5\x87 \xe0\xa4\x9f\xe0\xa5\x81\xe0\xa4\x95\xe0\xa4\xa1\xe0\xa4\xbc\xe0\xa5\x87 \xe0\xa4\x9f\xe0\xa5\x81\xe0\xa4\x95\xe0\xa4\xa1\xe0\xa4\xbc\xe0\xa5\x87 \xe0\xa4\x95\xe0\xa4\xb0, \xe0\xa4\xae\xe0\xa5\x81\xe0\xa4\xb8\xe0\xa5\x8d\xe0\xa4\x95\xe0\xa5\x81\xe0\xa4\xb0\xe0\xa4\xbe\xe0\xa4\x95\xe0\xa4\xb0 \xe0\xa4\x9a\xe0\xa4\xb2 \xe0\xa4\xa6\xe0\xa4\xbf\xe0\xa4\xaf\xe0\xa5\x87 \xf0\x9f\x98\x8a \n#Modi Has No Problem To Hug #Nawaz And His Biryani In Pak, But He Behaved Ar\xe2\x80\xa6'"
2018-07-24 04:38:13,b'RT @Teloogoo: Shows how #Modi is ripping of Dravidian states &amp; diverting massive funds to financial parasite Uttar Pradesh.. UP gets money\xe2\x80\xa6'
2018-07-24 04:38:00,b'RT @samirsaran: My latest for the @wef on the @PMOIndia \xe2\x80\x98s speech at #Shangrila and what we must attempt to do soon. \n\n#IndoPacific #Modi #\xe2\x80\xa6'
2018-07-24 04:37:25,"b'RT @AthanTashobya: President @PaulKagame bid farewell to Chinese President #XiJinping \n\n30 minutes later, he welcomed Indian Prime Minister\xe2\x80\xa6'"
2018-07-24 04:33:47,"b'RT @ShotDKuruvi: @SuryahSG YES KILLED, by whom? Its cozOf les Train betwen imp. stations in peek hrs. 4yrs of #Modi govt passed, increased\xe2\x80\xa6'"
2018-07-24 04:33:08,b'RT @DrRafiqRaji: Key #Africa #events or #data releases today [Posts &amp; comments at my Twitter handle @DrRafiqRaji]\n\n#India\xe2\x80\x99s #Modi in #Ugand\xe2\x80\xa6'
2018-07-24 04:32:28,b'RT @YashpalBJP: @BJP4Udupi @RaghupathiBhat @ChaitanyaBhat7 @mattarhegde @ProfSRK @BJP4UttarKannad @AmitShah @DheerajGbc @GogoiRanju @ajayku\xe2\x80\xa6'
2018-07-24 04:32:21,b'RT @YashpalBJP: @BJP4Udupi @RaghupathiBhat @ChaitanyaBhat7 @mattarhegde @ProfSRK @BJP4UttarKannad @AmitShah @DheerajGbc @GogoiRanju @ajayku\xe2\x80\xa6'
2018-07-24 04:31:50,b'@meerasanyal Wow... #Modi has now become a NRI PM \xf0\x9f\xa4\xaa'
2018-07-24 04:30:00,b'RT @Teloogoo: Shows how #Modi is ripping of Dravidian states &amp; diverting massive funds to financial parasite Uttar Pradesh.. UP gets money\xe2\x80\xa6'
2018-07-24 04:29:35,"b'RT @Vasudev00411816: @RahulGandhi Is it a mystery for people to know why you LOVE mob lynching politics  so much?\nIn heart of hearts,you on\xe2\x80\xa6'"
2018-07-24 04:29:22,"b'@RahulGandhi Is it a mystery for people to know why you LOVE mob lynching politics  so much?\nIn heart of hearts,you\xe2\x80\xa6 https://t.co/dk3Q0itqAv'"
2018-07-24 04:28:19,b'RT @samirsaran: My latest for the @wef on the @PMOIndia \xe2\x80\x98s speech at #Shangrila and what we must attempt to do soon. \n\n#IndoPacific #Modi #\xe2\x80\xa6'
2018-07-24 04:27:56,b'Shivam Vij @DilliDurAst puts it well...\nHow to always b in news and rule the public attention span...\xe2\x80\xa6 https://t.co/DxwCTCWhn9'
2018-07-24 04:27:50,b'RT @samirsaran: My latest for the @wef on the @PMOIndia \xe2\x80\x98s speech at #Shangrila and what we must attempt to do soon. \n\n#IndoPacific #Modi #\xe2\x80\xa6'
2018-07-24 04:27:25,b'RT @ARDMEHRA1966: #Bloomberg Media report says that nothing can stop @narendramodi till 2029 as in India a 10 yrs old child or even a 90 yr\xe2\x80\xa6'
2018-07-24 04:26:29,b'RT @DrRafiqRaji: Key #Africa #events or #data releases today [Posts &amp; comments at my Twitter handle @DrRafiqRaji]\n\n#India\xe2\x80\x99s #Modi in #Ugand\xe2\x80\xa6'
2018-07-24 04:25:30,b'#LutyensMedia will never report this and other good schemes that are brought by #Modi government.\n\nTheir only job i\xe2\x80\xa6 https://t.co/7iN5HhYAQG'
2018-07-24 04:24:22,b'RT @drshamamohd: Rakhbar Khan was an innocent dairy farmer who never harmed a cow in his life. \n\nHe was lynched merely for being Muslim.\xe2\x80\xa6'
2018-07-24 04:23:37,b'RT @Teloogoo: Shows how #Modi is ripping of Dravidian states &amp; diverting massive funds to financial parasite Uttar Pradesh.. UP gets money\xe2\x80\xa6'
2018-07-24 04:23:23,b'RT @ARDMEHRA1966: #Bloomberg Media report says that nothing can stop @narendramodi till 2029 as in India a 10 yrs old child or even a 90 yr\xe2\x80\xa6'
2018-07-24 04:21:43,b'RT @RaghupathiBhat: @YashpalBJP @BJP4Udupi @ChaitanyaBhat7 @mattarhegde @ProfSRK @BJP4UttarKannad @AmitShah @DheerajGbc @GogoiRanju @ajayku\xe2\x80\xa6'
2018-07-24 04:21:29,b'RT @RaghupathiBhat: @YashpalBJP @BJP4Udupi @ChaitanyaBhat7 @mattarhegde @ProfSRK @BJP4UttarKannad @AmitShah @DheerajGbc @GogoiRanju @ajayku\xe2\x80\xa6'
2018-07-24 04:19:05,b'Key #Africa #events or #data releases today [Posts &amp; comments at my Twitter handle @DrRafiqRaji]\n\n#India\xe2\x80\x99s #Modi in\xe2\x80\xa6 https://t.co/nI82O6BJYq'
2018-07-24 04:18:02,"b'RT @shubhpilot: \xe0\xa4\xa6\xe0\xa4\xbf\xe0\xa4\xb2 \xe0\xa4\x95\xe0\xa5\x87 \xe0\xa4\x9f\xe0\xa5\x81\xe0\xa4\x95\xe0\xa4\xa1\xe0\xa4\xbc\xe0\xa5\x87 \xe0\xa4\x9f\xe0\xa5\x81\xe0\xa4\x95\xe0\xa4\xa1\xe0\xa4\xbc\xe0\xa5\x87 \xe0\xa4\x95\xe0\xa4\xb0, \xe0\xa4\xae\xe0\xa5\x81\xe0\xa4\xb8\xe0\xa5\x8d\xe0\xa4\x95\xe0\xa5\x81\xe0\xa4\xb0\xe0\xa4\xbe\xe0\xa4\x95\xe0\xa4\xb0 \xe0\xa4\x9a\xe0\xa4\xb2 \xe0\xa4\xa6\xe0\xa4\xbf\xe0\xa4\xaf\xe0\xa5\x87 \xf0\x9f\x98\x8a \n#Modi Has No Problem To Hug #Nawaz And His Biryani In Pak, But He Behaved Ar\xe2\x80\xa6'"
2018-07-24 04:16:03,"b""@RahulGandhi Don't you dare speak about Modi , Pappu. Just look how you and your family ruined #India before #Modi came\xf0\x9f\x98\x90"""
2018-07-24 04:15:45,"b""RT @ramanmann1974: Despite the so-called historic decision of #Modi Govt, d avg annual increases in MSP's have been d lowest (except that o\xe2\x80\xa6"""
2018-07-24 04:15:16,"b'@SuryahSG YES KILLED, by whom? Its cozOf les Train betwen imp. stations in peek hrs. 4yrs of #Modi govt passed, inc\xe2\x80\xa6 https://t.co/JnGjisUzxA'"
2018-07-24 04:15:10,"b'YES KILLED, by whom? Its cozOf les Train betwen imp. stations in peek hrs. 4yrs of #Modi govt passed, increased far\xe2\x80\xa6 https://t.co/U0LF6ZXIwO'"
2018-07-24 04:14:44,b'RT @maxwellglobalsw: Our specialist team will have the ability to deliver high-quality results while retaining the requirements of their cu\xe2\x80\xa6'
2018-07-24 04:14:33,b'Our specialist team will have the ability to deliver high-quality results while retaining the requirements of their\xe2\x80\xa6 https://t.co/fooDIYq5MK'
2018-07-24 04:13:23,b'RT @ARDMEHRA1966: #Bloomberg Media report says that nothing can stop @narendramodi till 2029 as in India a 10 yrs old child or even a 90 yr\xe2\x80\xa6'
2018-07-24 04:12:36,"b'RT @Tarunvijay: He was scripting , witnessing  some of the most historical moments-like  #Modi ji in #Israel and #Netanyahu ji in #Delhi. F\xe2\x80\xa6'"
2018-07-24 04:12:29,b'RT @rachitsharma0: @tavleen_singh #India existed before #Modi and will fly high post his tenure. INDIA is bigger than any individual. And t\xe2\x80\xa6'
2018-07-24 04:11:50,b'RT @ARDMEHRA1966: #Bloomberg Media report says that nothing can stop @narendramodi till 2029 as in India a 10 yrs old child or even a 90 yr\xe2\x80\xa6'
2018-07-24 04:11:41,b'RT @RaghupathiBhat: Cherishing golden moment with Sri @narendramodi ji at #SriKrishnaMatha #Udupi in April 2008 #NaMo #Modi @HinduRajyam ht\xe2\x80\xa6'
2018-07-24 04:11:28,b'RT @rachitsharma0: @tavleen_singh #India existed before #Modi and will fly high post his tenure. INDIA is bigger than any individual. And t\xe2\x80\xa6'
2018-07-24 04:10:10,b'Have not seen such exirbitant waste of tax payers money on an everyday basis. Every third page of a newspaper has f\xe2\x80\xa6 https://t.co/1KQvUxnyjh'
2018-07-24 04:09:11,b'RT @rachitsharma0: @tavleen_singh #India existed before #Modi and will fly high post his tenure. INDIA is bigger than any individual. And t\xe2\x80\xa6'
2018-07-24 04:08:58,b'RT @iambansi07: Who did this ?? \xf0\x9f\x98\x87\xf0\x9f\x98\x87\xe2\x9d\xa4\xef\xb8\x8f\xe2\x9d\xa4\xef\xb8\x8f\xf0\x9f\x98\x98\xf0\x9f\x98\x98\xf0\x9f\x98\x82\xf0\x9f\x98\x82\xf0\x9f\x98\x82\xf0\x9f\x98\x82\xf0\x9f\x98\x82\xf0\x9f\x99\x8f\xf0\x9f\x99\x8f\xf0\x9f\x99\x8f\xf0\x9f\x99\x8f\xf0\x9f\x87\xae\xf0\x9f\x87\xb3 #RahulHugsModi #BhookampAaneWalaHai #NoConfidenceMotion #FakharEPakistan #ZIMvsPAK #pak\xe2\x80\xa6'
2018-07-24 04:07:48,b'No #lutyensMedia will not write about good work done by #Modi. \nThey will write about #RahulGandhi hug or wink! The\xe2\x80\xa6 https://t.co/Ufgk1agOww'
2018-07-24 04:07:38,b'RT @News18Kannada: Is Power Star Pawan Kalyan aiming to emerge as a force in #Andhra and #telanagana politics?\n#TrustNews18Kannada #KamalHa\xe2\x80\xa6'
2018-07-24 04:02:14,b'RT @RaghupathiBhat: Cherishing golden moment with Sri @narendramodi ji at #SriKrishnaMatha #Udupi in April 2008 #NaMo #Modi @HinduRajyam ht\xe2\x80\xa6'
2018-07-24 04:01:40,b'#RahulhugsPM\n#RahulGandhi\n#Modi\n#IAmCongress\n\nThe real meaning of hug is #dusheera\n\nVictory of Good over Evil\nVicto\xe2\x80\xa6 https://t.co/q0xT9fG3TH'
2018-07-24 03:58:34,"b'@YSRCParty @ysjagan if you have real commitment towards #AP_SCS fight with @narendramodi in #Delhi, not with @ncbn\xe2\x80\xa6 https://t.co/vzqtESheEr'"
2018-07-24 03:56:54,b'RT @Teloogoo: Shows how #Modi is ripping of Dravidian states &amp; diverting massive funds to financial parasite Uttar Pradesh.. UP gets money\xe2\x80\xa6'
2018-07-24 03:53:36,"b'RT @BChaudhary10dec: Have u ever seen such a proactive Govt b4 ?\n#Modi Govt = Of the People, By the People, #For_the_People\n#CONgress Govt\xe2\x80\xa6'"
2018-07-24 03:52:56,b'@HMOIndia At last! But under #Modi anything will be effective? #lynchings'
2018-07-24 03:51:48,b'@timesofindia @INCIndia @INCKarnataka @MallikarjunINC @ghulamnazad @rssurjewala @dineshgrao @divyaspandana\xe2\x80\xa6 https://t.co/AqDQyFpgEH'
2018-07-24 03:51:47,"b'@ysjagan if you have real commitment towards #AP_SCS fight with #Modi in #Delhi, not with @ncbn and #AP_People. If\xe2\x80\xa6 https://t.co/OCBma8phwO'"
2018-07-24 03:51:36,"b'CAATSA waiver is intended at preventing US sanctions on India, which is planning to buy five S-400 Triumf air defen\xe2\x80\xa6 https://t.co/0x3GybBfrA'"
2018-07-24 03:50:24,"b'RT @AthanTashobya: President @PaulKagame bid farewell to Chinese President #XiJinping \n\n30 minutes later, he welcomed Indian Prime Minister\xe2\x80\xa6'"
2018-07-24 03:49:39,b'The latest Anonymous Daily! https://t.co/60pVSZ63RN Thanks to @JohnBhrn @MachoMaestro #modi #kerala'
2018-07-24 03:48:51,b'RT @rachitsharma0: @tavleen_singh #India existed before #Modi and will fly high post his tenure. INDIA is bigger than any individual. And t\xe2\x80\xa6'
2018-07-23 14:55:32,b'RT @YourStoryCo: The e-Mitra/ITGK Hackathon promises brilliant solutions on how citizen services services can go to a whole new level. More\xe2\x80\xa6'
2018-07-23 14:21:03,b'The e-Mitra/ITGK Hackathon promises brilliant solutions on how citizen services services can go to a whole new leve\xe2\x80\xa6 https://t.co/U5XOCInAfE'
2018-07-23 10:13:19,b'RT @eMitraRajasthan: You can locate your nearest e-Mitra kiosk with e-Mitra mobile app. Download the Mobile App now: https://t.co/FoYx0mE1o\xe2\x80\xa6'
2018-07-23 08:25:22,b'RT @YourStoryCo: The e-Mitra/ITGK Hackathon promises brilliant solutions on how citizen services services can go to a whole new level. More\xe2\x80\xa6'
2018-07-23 05:50:04,b'You can locate your nearest e-Mitra kiosk with e-Mitra mobile app. Download the Mobile App now:\xe2\x80\xa6 https://t.co/kQsexk2tDx'
2018-07-23 04:26:33,b'RT @YourStoryCo: The e-Mitra/ITGK Hackathon promises brilliant solutions on how citizen services services can go to a whole new level. More\xe2\x80\xa6'
2018-07-23 04:00:41,b'@Ccc_jdvvnl #facts among you ... whenever your online website doesn\xe2\x80\x99t works out consumer had to switch e- Mitra the\xe2\x80\xa6 https://t.co/pKU1wRHG8H'
2018-07-22 12:18:02,b'The e-Mitra/ITGK Hackathon promises brilliant solutions on how citizen services services can go to a whole new leve\xe2\x80\xa6 https://t.co/3BKlQ3ZkP1'
2018-07-21 05:53:44,b'#Quiz Hour - How many e-Mitra kiosks are present in the state? #eMitra #DigitalRajasthan #NayaRajasthan https://t.co/pO8tMrLNyi'
2018-07-20 09:14:50,"b'RT @eMitraRajasthan: Only government services are offered by e-mitra? No, e-Mitra offers varoius government and non-government services #eM\xe2\x80\xa6'"
2018-07-20 06:48:15,"b'RT @eMitraRajasthan: Only government services are offered by e-mitra? No, e-Mitra offers varoius government and non-government services #eM\xe2\x80\xa6'"
2018-07-20 06:38:38,"b'RT @eMitraRajasthan: Only government services are offered by e-mitra? No, e-Mitra offers varoius government and non-government services #eM\xe2\x80\xa6'"
2018-07-20 06:38:11,"b'Only government services are offered by e-mitra? No, e-Mitra offers varoius government and non-government services\xe2\x80\xa6 https://t.co/SciWRJK3do'"
2018-07-20 05:02:03,"b'RT @iamansohal: Respected PM, There are a lot of stray animals and their toilet and shit in front of our house. Nobody is doing nothing. We\xe2\x80\xa6'"
2018-07-18 15:10:59,"b'Respected PM, There are a lot of stray animals and their toilet and shit in front of our house. Nobody is doing not\xe2\x80\xa6 https://t.co/Ln5Hj5L20I'"
2018-07-17 05:31:29,b'RT @DoITCRaj: Fill in the blank. How many services does e-Mitra provide to the residents of the state?\n#QuizHour #eMitra https://t.co/VhDxR\xe2\x80\xa6'
2018-07-17 05:14:27,b'Fill in the blank. How many services does e-Mitra provide to the residents of the state?\n#QuizHour #eMitra https://t.co/VhDxRNTQ6w'
2018-07-15 08:48:32,b'RT @eMitraRajasthan: Fill in the blank. How many services does e-Mitra provide to the residents of the state?\n#QuizHour #eMitra https://t.c\xe2\x80\xa6'
2018-07-15 05:35:03,b'Fill in the blank. How many services does e-Mitra provide to the residents of the state?\n#QuizHour #eMitra https://t.co/A5LWKQJsNg'
2018-07-23 14:55:32,b'RT @YourStoryCo: The e-Mitra/ITGK Hackathon promises brilliant solutions on how citizen services services can go to a whole new level. More\xe2\x80\xa6'
2018-07-23 14:21:03,b'The e-Mitra/ITGK Hackathon promises brilliant solutions on how citizen services services can go to a whole new leve\xe2\x80\xa6 https://t.co/U5XOCInAfE'
2018-07-23 10:13:19,b'RT @eMitraRajasthan: You can locate your nearest e-Mitra kiosk with e-Mitra mobile app. Download the Mobile App now: https://t.co/FoYx0mE1o\xe2\x80\xa6'
2018-07-23 08:25:22,b'RT @YourStoryCo: The e-Mitra/ITGK Hackathon promises brilliant solutions on how citizen services services can go to a whole new level. More\xe2\x80\xa6'
2018-07-23 05:50:04,b'You can locate your nearest e-Mitra kiosk with e-Mitra mobile app. Download the Mobile App now:\xe2\x80\xa6 https://t.co/kQsexk2tDx'
2018-07-23 04:26:33,b'RT @YourStoryCo: The e-Mitra/ITGK Hackathon promises brilliant solutions on how citizen services services can go to a whole new level. More\xe2\x80\xa6'
2018-07-23 04:00:41,b'@Ccc_jdvvnl #facts among you ... whenever your online website doesn\xe2\x80\x99t works out consumer had to switch e- Mitra the\xe2\x80\xa6 https://t.co/pKU1wRHG8H'
2018-07-22 12:18:02,b'The e-Mitra/ITGK Hackathon promises brilliant solutions on how citizen services services can go to a whole new leve\xe2\x80\xa6 https://t.co/3BKlQ3ZkP1'
2018-07-21 05:53:44,b'#Quiz Hour - How many e-Mitra kiosks are present in the state? #eMitra #DigitalRajasthan #NayaRajasthan https://t.co/pO8tMrLNyi'
2018-07-20 09:14:50,"b'RT @eMitraRajasthan: Only government services are offered by e-mitra? No, e-Mitra offers varoius government and non-government services #eM\xe2\x80\xa6'"
2018-07-20 06:48:15,"b'RT @eMitraRajasthan: Only government services are offered by e-mitra? No, e-Mitra offers varoius government and non-government services #eM\xe2\x80\xa6'"
2018-07-20 06:38:38,"b'RT @eMitraRajasthan: Only government services are offered by e-mitra? No, e-Mitra offers varoius government and non-government services #eM\xe2\x80\xa6'"
2018-07-20 06:38:11,"b'Only government services are offered by e-mitra? No, e-Mitra offers varoius government and non-government services\xe2\x80\xa6 https://t.co/SciWRJK3do'"
2018-07-20 05:02:03,"b'RT @iamansohal: Respected PM, There are a lot of stray animals and their toilet and shit in front of our house. Nobody is doing nothing. We\xe2\x80\xa6'"
2018-07-18 15:10:59,"b'Respected PM, There are a lot of stray animals and their toilet and shit in front of our house. Nobody is doing not\xe2\x80\xa6 https://t.co/Ln5Hj5L20I'"
2018-07-17 05:31:29,b'RT @DoITCRaj: Fill in the blank. How many services does e-Mitra provide to the residents of the state?\n#QuizHour #eMitra https://t.co/VhDxR\xe2\x80\xa6'
2018-07-17 05:14:27,b'Fill in the blank. How many services does e-Mitra provide to the residents of the state?\n#QuizHour #eMitra https://t.co/VhDxRNTQ6w'
2018-07-15 08:48:32,b'RT @eMitraRajasthan: Fill in the blank. How many services does e-Mitra provide to the residents of the state?\n#QuizHour #eMitra https://t.c\xe2\x80\xa6'
2018-07-15 05:35:03,b'Fill in the blank. How many services does e-Mitra provide to the residents of the state?\n#QuizHour #eMitra https://t.co/A5LWKQJsNg'
2018-07-23 14:55:32,b'RT @YourStoryCo: The e-Mitra/ITGK Hackathon promises brilliant solutions on how citizen services services can go to a whole new level. More\xe2\x80\xa6'
2018-07-23 14:21:03,b'The e-Mitra/ITGK Hackathon promises brilliant solutions on how citizen services services can go to a whole new leve\xe2\x80\xa6 https://t.co/U5XOCInAfE'
2018-07-23 10:13:19,b'RT @eMitraRajasthan: You can locate your nearest e-Mitra kiosk with e-Mitra mobile app. Download the Mobile App now: https://t.co/FoYx0mE1o\xe2\x80\xa6'
2018-07-23 08:25:22,b'RT @YourStoryCo: The e-Mitra/ITGK Hackathon promises brilliant solutions on how citizen services services can go to a whole new level. More\xe2\x80\xa6'
2018-07-23 05:50:04,b'You can locate your nearest e-Mitra kiosk with e-Mitra mobile app. Download the Mobile App now:\xe2\x80\xa6 https://t.co/kQsexk2tDx'
2018-07-23 04:26:33,b'RT @YourStoryCo: The e-Mitra/ITGK Hackathon promises brilliant solutions on how citizen services services can go to a whole new level. More\xe2\x80\xa6'
2018-07-23 04:00:41,b'@Ccc_jdvvnl #facts among you ... whenever your online website doesn\xe2\x80\x99t works out consumer had to switch e- Mitra the\xe2\x80\xa6 https://t.co/pKU1wRHG8H'
2018-07-22 12:18:02,b'The e-Mitra/ITGK Hackathon promises brilliant solutions on how citizen services services can go to a whole new leve\xe2\x80\xa6 https://t.co/3BKlQ3ZkP1'
2018-07-21 05:53:44,b'#Quiz Hour - How many e-Mitra kiosks are present in the state? #eMitra #DigitalRajasthan #NayaRajasthan https://t.co/pO8tMrLNyi'
2018-07-20 09:14:50,"b'RT @eMitraRajasthan: Only government services are offered by e-mitra? No, e-Mitra offers varoius government and non-government services #eM\xe2\x80\xa6'"
2018-07-20 06:48:15,"b'RT @eMitraRajasthan: Only government services are offered by e-mitra? No, e-Mitra offers varoius government and non-government services #eM\xe2\x80\xa6'"
2018-07-20 06:38:38,"b'RT @eMitraRajasthan: Only government services are offered by e-mitra? No, e-Mitra offers varoius government and non-government services #eM\xe2\x80\xa6'"
2018-07-20 06:38:11,"b'Only government services are offered by e-mitra? No, e-Mitra offers varoius government and non-government services\xe2\x80\xa6 https://t.co/SciWRJK3do'"
2018-07-20 05:02:03,"b'RT @iamansohal: Respected PM, There are a lot of stray animals and their toilet and shit in front of our house. Nobody is doing nothing. We\xe2\x80\xa6'"
2018-07-18 15:10:59,"b'Respected PM, There are a lot of stray animals and their toilet and shit in front of our house. Nobody is doing not\xe2\x80\xa6 https://t.co/Ln5Hj5L20I'"
2018-07-17 05:31:29,b'RT @DoITCRaj: Fill in the blank. How many services does e-Mitra provide to the residents of the state?\n#QuizHour #eMitra https://t.co/VhDxR\xe2\x80\xa6'
2018-07-17 05:14:27,b'Fill in the blank. How many services does e-Mitra provide to the residents of the state?\n#QuizHour #eMitra https://t.co/VhDxRNTQ6w'
2018-07-15 08:48:32,b'RT @eMitraRajasthan: Fill in the blank. How many services does e-Mitra provide to the residents of the state?\n#QuizHour #eMitra https://t.c\xe2\x80\xa6'
2018-07-15 05:35:03,b'Fill in the blank. How many services does e-Mitra provide to the residents of the state?\n#QuizHour #eMitra https://t.co/A5LWKQJsNg'
2018-07-23 14:55:32,b'RT @YourStoryCo: The e-Mitra/ITGK Hackathon promises brilliant solutions on how citizen services services can go to a whole new level. More\xe2\x80\xa6'
2018-07-23 14:21:03,b'The e-Mitra/ITGK Hackathon promises brilliant solutions on how citizen services services can go to a whole new leve\xe2\x80\xa6 https://t.co/U5XOCInAfE'
2018-07-23 10:13:19,b'RT @eMitraRajasthan: You can locate your nearest e-Mitra kiosk with e-Mitra mobile app. Download the Mobile App now: https://t.co/FoYx0mE1o\xe2\x80\xa6'
2018-07-23 08:25:22,b'RT @YourStoryCo: The e-Mitra/ITGK Hackathon promises brilliant solutions on how citizen services services can go to a whole new level. More\xe2\x80\xa6'
2018-07-23 05:50:04,b'You can locate your nearest e-Mitra kiosk with e-Mitra mobile app. Download the Mobile App now:\xe2\x80\xa6 https://t.co/kQsexk2tDx'
2018-07-23 04:26:33,b'RT @YourStoryCo: The e-Mitra/ITGK Hackathon promises brilliant solutions on how citizen services services can go to a whole new level. More\xe2\x80\xa6'
2018-07-23 04:00:41,b'@Ccc_jdvvnl #facts among you ... whenever your online website doesn\xe2\x80\x99t works out consumer had to switch e- Mitra the\xe2\x80\xa6 https://t.co/pKU1wRHG8H'
2018-07-22 12:18:02,b'The e-Mitra/ITGK Hackathon promises brilliant solutions on how citizen services services can go to a whole new leve\xe2\x80\xa6 https://t.co/3BKlQ3ZkP1'
2018-07-21 05:53:44,b'#Quiz Hour - How many e-Mitra kiosks are present in the state? #eMitra #DigitalRajasthan #NayaRajasthan https://t.co/pO8tMrLNyi'
2018-07-20 09:14:50,"b'RT @eMitraRajasthan: Only government services are offered by e-mitra? No, e-Mitra offers varoius government and non-government services #eM\xe2\x80\xa6'"
2018-07-20 06:48:15,"b'RT @eMitraRajasthan: Only government services are offered by e-mitra? No, e-Mitra offers varoius government and non-government services #eM\xe2\x80\xa6'"
2018-07-20 06:38:38,"b'RT @eMitraRajasthan: Only government services are offered by e-mitra? No, e-Mitra offers varoius government and non-government services #eM\xe2\x80\xa6'"
2018-07-20 06:38:11,"b'Only government services are offered by e-mitra? No, e-Mitra offers varoius government and non-government services\xe2\x80\xa6 https://t.co/SciWRJK3do'"
2018-07-20 05:02:03,"b'RT @iamansohal: Respected PM, There are a lot of stray animals and their toilet and shit in front of our house. Nobody is doing nothing. We\xe2\x80\xa6'"
2018-07-18 15:10:59,"b'Respected PM, There are a lot of stray animals and their toilet and shit in front of our house. Nobody is doing not\xe2\x80\xa6 https://t.co/Ln5Hj5L20I'"
2018-07-17 05:31:29,b'RT @DoITCRaj: Fill in the blank. How many services does e-Mitra provide to the residents of the state?\n#QuizHour #eMitra https://t.co/VhDxR\xe2\x80\xa6'
2018-07-17 05:14:27,b'Fill in the blank. How many services does e-Mitra provide to the residents of the state?\n#QuizHour #eMitra https://t.co/VhDxRNTQ6w'
2018-07-15 08:48:32,b'RT @eMitraRajasthan: Fill in the blank. How many services does e-Mitra provide to the residents of the state?\n#QuizHour #eMitra https://t.c\xe2\x80\xa6'
2018-07-15 05:35:03,b'Fill in the blank. How many services does e-Mitra provide to the residents of the state?\n#QuizHour #eMitra https://t.co/A5LWKQJsNg'
2018-07-24 05:46:09,"b'How many of you will cast you votes, irrespective of which party you support in #2019Elections? #BJP #Congress #AAP\xe2\x80\xa6 https://t.co/ktn5JbAmie'"
2018-07-24 05:45:16,b'RJD Spokesperson Expelled For Criticising Rahul Gandhi\n#RJD #RashtriyaJanataDal #RahulGandhi #Congress\xe2\x80\xa6 https://t.co/4ksVcLa9M5'
2018-07-24 05:44:45,"b'RT @vanyajha: To those who say ""But #Congress is no better"" - Plz ask yourself, have we EVER been this doomed?? PLEASE dont let your quest\xe2\x80\xa6'"
2018-07-24 05:43:46,b'Duck boats are unsafe. #Congress should step in. - https://t.co/64C51sXkVf'
2018-07-24 05:42:18,"b'@CNN How can it have harsh words for #Russia when #Putin is coming to #Washington soon to have #cupcakes, address\xe2\x80\xa6 https://t.co/tktcEN2iSb'"
2018-07-24 05:41:43,b'RT @electroboyusa: @Joannetrueblue @Carolyn4GA7 @RepRobWoodall @DavidKim2018 @WisePaxCat @Havok_2O18 @Michelle_888 @lfkraus @YarosisNancy @\xe2\x80\xa6'
2018-07-24 05:41:42,b'RT @smartdissent: #SmartDissent is a Database tracking actions of #Trump &amp; #Congress sorted by subject. See our #ForeignPolicy page: https:\xe2\x80\xa6'
2018-07-24 05:41:26,b'RT @AshleyW838: \xf0\x9f\x92\xa0Evening Splendor\nIt doesn\xe2\x80\x99t get any better than this in investigative #Journalism\xf0\x9f\x93\xb0\n\nA long thread (24 replies): very detai\xe2\x80\xa6'
2018-07-24 05:41:15,"b""The solution is pretty damn easy. Ban them! Wht in the hell is 2 regulate if the damn things aren't safe in the 1st\xe2\x80\xa6 https://t.co/j1kBzU7DN8"""
2018-07-24 05:40:50,b'Watch #Parliament #MonsoonSession (24-7-2018) -- #LokSabha Live On @NtvteluguHD \nLIVE \xe2\x96\xba https://t.co/mnw3TEZzf7\xe2\x80\xa6 https://t.co/tyuiTnSADF'
2018-07-24 05:40:40,b'RT @Questperfection: It is not a clash of #Zero with #TheAccidentalPrimeMinister or #SRK vs #AnupamKher .\nIt is a war of ego between #Bjp a\xe2\x80\xa6'
2018-07-24 05:40:30,b'@Shehzad_Ind @priyankac19 @sambitswaraj @SwetaSinghAT #Congress is a party which is \nof the Family!\nBy the Gulams!\nFor the Family!'
2018-07-24 05:40:15,b'RT @Questperfection: It is not a clash of #Zero with #TheAccidentalPrimeMinister or #SRK vs #AnupamKher .\nIt is a war of ego between #Bjp a\xe2\x80\xa6'
2018-07-24 05:40:14,"b'Where there is BJP the entire system is worst. As per Public Affairs Index 2018,South India tops in governance, wha\xe2\x80\xa6 https://t.co/r2gGh1jDoq'"
2018-07-24 05:40:00,b'RT @Questperfection: It is not a clash of #Zero with #TheAccidentalPrimeMinister or #SRK vs #AnupamKher .\nIt is a war of ego between #Bjp a\xe2\x80\xa6'
2018-07-24 05:39:46,b'RT @Questperfection: It is not a clash of #Zero with #TheAccidentalPrimeMinister or #SRK vs #AnupamKher .\nIt is a war of ego between #Bjp a\xe2\x80\xa6'
2018-07-24 05:38:53,"b'RT @JasmineForHD108: As of Friday morning! Only 7500 votes!?! \xf0\x9f\x98\xa7 Gwinnett County, GA, we have to do better! I need you to make a PLAN now fo\xe2\x80\xa6'"
2018-07-24 05:38:21,b'Rahul Gandhi vs PM Modi Speech: Who was better? | Analysis by Dhruv Rathee #India #Politics #Modi #BJP #NDA\xe2\x80\xa6 https://t.co/n0KwVjGHTp'
2018-07-24 05:37:44,b'It is not a clash of #Zero with #TheAccidentalPrimeMinister or #SRK vs #AnupamKher .\nIt is a war of ego between\xe2\x80\xa6 https://t.co/1xnlAHeYkL'
2018-07-24 05:37:42,b'LIVE - #Parliament Monsoon Session 2018 | #LokSabha | Day 5 | #iNews\n\nhttps://t.co/6fTQoISK6a\n\n#APSpecialStatus\xe2\x80\xa6 https://t.co/bzIsqJIEAD'
2018-07-24 05:36:33,"b'@realDonaldTrump GROSS ABUSE OF POWER: #Trump threatening seizure of security clearance from ex #US top officials,\xe2\x80\xa6 https://t.co/TwS49N6dD9'"
2018-07-24 05:36:17,"b""RT @ShaktiShekhar: Why did #Congress delete video link of Rahul Gandhi's address to extended #CongressWorkingCommittee meet? Read what he s\xe2\x80\xa6"""
2018-07-24 05:35:48,b'RT @NewsNationTV: #Congress MP #RanjeetRanjan and RJD MP #JPYadav give Adjournment Motion Notice in #LokSabha over the incidents of rape at\xe2\x80\xa6'
2018-07-24 05:34:51,b'RT @NH_India: #Congress on Monday let it be known that it would move a breach of privilege motion against the Prime Minister and the Raksha\xe2\x80\xa6'
2018-07-24 05:34:16,"b'.@procm2 says, #America #StandUpForKids &amp; tell #Congress to pass #guncontrol laws. Read this. #30Seconds\xe2\x80\xa6 https://t.co/WxhZo7WLpN'"
2018-07-24 05:33:25,"b'#Congress - the #Voice of #India, the journey for Mission 2019 begins under Visionary &amp; peoples leadership Hon. pre\xe2\x80\xa6 https://t.co/qpyTsetrl1'"
2018-07-24 05:30:52,b'RT @vrbonam: @ANINewsUP What is #congress stand on this Mr. @RahulGandhi ?'
2018-07-24 05:30:23,b'RT @khushsundar: BJP has tried every trick in the book to take away the failures of their govt and blame the #Congress n @RahulGandhi but n\xe2\x80\xa6'
2018-07-24 05:27:36,b'#Congress MP #RanjeetRanjan and RJD MP #JPYadav give Adjournment Motion Notice in #LokSabha over the incidents of r\xe2\x80\xa6 https://t.co/6F71cIxN0a'
2018-07-24 05:27:25,b'RT @fpjindia: After #TDP\xe2\x80\x99s #noconfidencemotion #YSR #Congress Party calls for #AndhraPradesh shutdown on July 24\nhttps://t.co/6x2WvbXv8f ht\xe2\x80\xa6'
2018-07-24 05:27:00,"b""RT @ShaktiShekhar: Why did #Congress delete video link of Rahul Gandhi's address to extended #CongressWorkingCommittee meet? Read what he s\xe2\x80\xa6"""
2018-07-24 05:26:41,b'RT @rajeev_mp: Another scam \xe2\x80\x9cachievement\xe2\x80\x9d of @siddaramaiah #Congress govt in #Karnataka \n\n#SiddaramaiahInAction\n#10PercentCM \n#KarnatakaEle\xe2\x80\xa6'
2018-07-24 05:26:31,"b""RT @ShaktiShekhar: Why did #Congress delete video link of Rahul Gandhi's address to extended #CongressWorkingCommittee meet? Read what he s\xe2\x80\xa6"""
2018-07-24 05:25:33,b'RT @PuriVirender: #Mature #Immature the debate goes on #Congress confused?\nhttps://t.co/pwXhLjQVMN'
2018-07-24 05:25:16,"b""RT @acharyya_sanjoy: @RahulGandhi @divyaspandana @INCIndia  @JM_Scindia @digvijaya_28  @INCMP @IamAlok_INC @jay_bhadrakali  It's true cultu\xe2\x80\xa6"""
2018-07-24 05:24:42,b'Defining the problem correctly is the first step towards finding a solution. A great piece on the problems with the\xe2\x80\xa6 https://t.co/jTQbUr1PKW'
2018-07-24 05:24:28,b'RT @khushsundar: BJP has tried every trick in the book to take away the failures of their govt and blame the #Congress n @RahulGandhi but n\xe2\x80\xa6'
2018-07-24 05:23:38,"b'@JimmyGalloper @NBCNews On the contrary, the #Congress has the authority of the #Constitution to determine who is a\xe2\x80\xa6 https://t.co/aVpqAL93qc'"
2018-07-24 05:22:11,"b""RT @asindeo: With its allies, #Congress has 'mission 274+' for 2019: Anand Sharma #LokSabha #Elections https://t.co/zNjCbp7yPN"""
2018-07-24 05:22:00,"b""RT @SpirosMargaris: Don't Let the #Crypto Circus \n\nin #Congress Fool You \n\nhttps://t.co/HpEf5EfiPi #fintech #blockchain #ICO #ethereum #bit\xe2\x80\xa6"""
2018-07-24 05:20:34,"b'RT @ImmaBlueDot: Dear rest of the world,\nPlease save us from this bat shit crazy gelatinous orange treason blob. Sadly, the #GOP portion of\xe2\x80\xa6'"
2018-07-24 05:20:16,"b""RT @asindeo: With its allies, #Congress has 'mission 274+' for 2019: Anand Sharma #LokSabha #Elections https://t.co/zNjCbp7yPN"""
2018-07-24 05:20:05,b'We have an exciting program lined up at the APRASSA Congress in September. Be sure to book your seat at our social\xe2\x80\xa6 https://t.co/KOiUkrsE6E'
2018-07-24 05:19:36,"b""RT @ShaktiShekhar: Why did #Congress delete video link of Rahul Gandhi's address to extended #CongressWorkingCommittee meet? Read what he s\xe2\x80\xa6"""
2018-07-24 05:18:58,b'RT @Vin4modi: Congress councilor from Ahmednagar arrested for dealing in Demonetized Notes worth 3.5 crore!!\n\nNo wonder why #Congress was a\xe2\x80\xa6'
2018-07-24 05:18:37,b'Maybe #Congress  &amp; #RahulGandhi both are collusion with enemy countries like #China &amp; #Pakistan and  trying to get\xe2\x80\xa6 https://t.co/Nm7U3G0GW9'
2018-07-24 05:18:01,"b'I am quite sure, that the astrologer whome he consulted was a #Congress #piddi. Had he consulted a good astrologer,\xe2\x80\xa6 https://t.co/fQEJWHTdVX'"
2018-07-24 05:17:41,"b'RT @vanyajha: To those who say ""But #Congress is no better"" - Plz ask yourself, have we EVER been this doomed?? PLEASE dont let your quest\xe2\x80\xa6'"
2018-07-24 05:14:21,"b'Narendra Modi may have won no-confidence motion, but Rahul Gandhi\xe2\x80\x99s hug ensured PM lost his narrative. #narendramodi #modi #bjp #congress'"
2018-07-24 05:14:18,"b'@adamcbest Better yet, the deciding factor in winning back #Congress this year, moving the #Impeachment forward and\xe2\x80\xa6 https://t.co/XA5r8hUPfS'"
2018-07-24 05:13:28,"b""With its allies, #Congress has 'mission 274+' for 2019: Anand Sharma #LokSabha #Elections https://t.co/zNjCbp7yPN"""
2018-07-24 05:13:21,"b'RT @joemhhi: @seanhannity @realDonaldTrump shouldn\xe2\x80\x99t consider it needs to be done! Second, he needs to declassify the #FISA filings for #Co\xe2\x80\xa6'"
2018-07-24 05:11:41,"b""https://t.co/aIG7qhaB03\nPlease watch and try to understand \nWhat's the difference between congress PM vs BJP PM\xe2\x80\xa6 https://t.co/rKyiJU28Ye"""
2018-07-24 05:10:05,b'@CTRavi_BJP @CMofKarnataka Such a wonderful gesture of you to appreciate @CMofKarnataka being in opposition. Have n\xe2\x80\xa6 https://t.co/9Gk9a5Tsb9'
2018-07-24 05:08:21,b'#Politics #Congress Senate Democrats ask for documents before Kavanaugh meetings https://t.co/hF7DlGQpIC #Trending #Newswire'
2018-07-24 05:08:14,b'#Politics #Congress Human smuggling getting sophisticated on northern border https://t.co/PE9ZuGyLmH #Trending #Newswire'
2018-07-24 05:07:56,b'@realDonaldTrump @nytimes @foxandfriends @FoxNews @WSJ @NPR \xe2\x80\x94 Both Parties conjure #immigration process are broken\xe2\x80\xa6 https://t.co/qQRA6xQ0G6'
2018-07-24 05:07:18,b'RT @abpnewstv: #Congress to move privilege motion against Prime Minister @narendramodi and Defence Minister @nsitharaman in Lok Sabha on Ra\xe2\x80\xa6'
2018-07-24 05:07:14,"b'RT @vanyajha: To those who say ""But #Congress is no better"" - Plz ask yourself, have we EVER been this doomed?? PLEASE dont let your quest\xe2\x80\xa6'"
2018-07-24 05:07:08,b'@vanyajha #Congress is responsible for the mess..\nwhat ever #RSS is today its due to spineless policies of\xe2\x80\xa6 https://t.co/TpIyBNfRH8'
2018-07-24 05:05:22,"b'RT @GrrrGraphics: The latest #BenGarrison #cartoon #EricSwalwell #RudyPeters #California 15th District #congress  ""That\'s NOT a toy kid!""\xe2\x80\xa6'"
2018-07-24 05:04:10,"b""#PioneerEdit - Road Ahead : When Congress chief Rahul Gandhi first said publicly, in reply to a journalist's questi\xe2\x80\xa6 https://t.co/52rRjdSFRl"""
2018-07-24 05:04:08,"b'Please like and share International Health Expo page, obliged\n\nhttps://t.co/mjQrsXSDya\n#Health_Expo #International\xe2\x80\xa6 https://t.co/Go4PkZ61hw'"
2018-07-24 05:02:37,"b'PM #Modi is the first and only Prime Minister to have visited #Rwanda and many other places. Why Indira Gandhi, Lal\xe2\x80\xa6 https://t.co/F7x83KU2Fs'"
2018-07-24 05:01:31,b'So true!!! Only thing that can expose #Congress and #Gandhis decade of lies &amp; misconduct &amp; rotten ideology is them\xe2\x80\xa6 https://t.co/Lw6Ss5RwOK'
2018-07-24 05:00:49,"b'State Cong not a divided house, to put up united fight in polls: Gehlot... https://t.co/uDw6Zm88HO #AshokGehlot\xe2\x80\xa6 https://t.co/PEwa1Kk81U'"
2018-07-24 05:00:31,"b'State Cong not a divided house, to put up united fight in polls: Gehlot... #AshokGehlot #elections #politics\xe2\x80\xa6 https://t.co/7fX35xivkq'"
2018-07-24 05:00:00,b'#Congress approves 2019 #NDAA bill heralding closer Taiwan-US defense ties\n\nhttps://t.co/ckcYinpSXy https://t.co/H4uWEHIxxA'
2018-07-24 04:59:32,"b'MOTIVATION TIP - Seniors should not be permitted to take ""reverse mortgages"" unless they have enough financial secu\xe2\x80\xa6 https://t.co/oXnzVab8po'"
2018-07-24 04:58:43,b'#indian #congress declaring #rahuhgandhi as PM candidate is example of congress taking democracy for granted'
2018-07-24 04:58:00,b'Congress President Rahul Gandhi writes to CBSE Chairperson...\n#Congress #RahulGandhi https://t.co/122eKLdzv9'
2018-07-24 04:54:41,"b""RT @ShaktiShekhar: Why did #Congress delete video link of Rahul Gandhi's address to extended #CongressWorkingCommittee meet? Read what he s\xe2\x80\xa6"""
2018-07-24 04:54:11,b'Tell your sens and reps to oppose legislation to gut the Endangered Species Act via @NRDC  https://t.co/Mkv8b7tlby\xe2\x80\xa6 https://t.co/uX3uxPHX2H'
2018-07-24 04:53:10,"b'The Numbers Are In, And They\xe2\x80\x99re Looking Good For Kavanaugh #brettkavanaugh #congress #donaldtrump #supremecourt\xe2\x80\xa6 https://t.co/IeI7YW35hO'"
2018-07-24 04:52:39,b'This needs more attention.\nCall the switchboard 202-224-3121 in DC &amp; tell your Reps to stop this\xe2\x80\xa6 https://t.co/ifcLAiYz3c'
2018-07-24 04:52:28,b'@abpnewstv You should be with #Congress and Support #RahulGandhi \nEverything will be fine'
2018-07-24 04:50:45,"b'@McFaul Tht aside evry1 knw wht was coming whn #Kushner &amp; @POTUS met w Netanyahu, Saudi Arabia &amp; #Putin,\xe2\x80\xa6 https://t.co/PCqoNjUI5h'"
2018-07-24 04:50:30,b'RT @NH_India: #Congress on Monday let it be known that it would move a breach of privilege motion against the Prime Minister and the Raksha\xe2\x80\xa6'
2018-07-24 04:49:01,b'RT @politicalHEDGE: \xf0\x9f\x97\x9e\xef\xb8\x8f \xe2\x80\x98Here and Now\xe2\x80\x99: HBO Alan Ball Series Canceled After One Season \n\nhttps://t.co/I1wIRE5jIa \n\nArticle Published on Apri\xe2\x80\xa6'
2018-07-24 04:48:12,b'#Congress MP Ranjeet Ranjan and RJD MP JP Yadav give Adjournment Motion Notice in Lok Sabha over the incidents of r\xe2\x80\xa6 https://t.co/H35RccPBuu'
2018-07-24 04:47:33,b'#MonsoonSession of #Parliament LIVE updates: #Congress likely to move #privilegemotion against #NarendraModi today https://t.co/s71mLBzCYj'
2018-07-24 04:44:59,"b'RT @tv9kannada: Rafale Price Can Be Revealed, Says AK Antony; Congress Alleges Govt Misled Nation \n\nVideo Link \xe2\x96\xba https://t.co/VWlFuRGcwx\n\n#\xe2\x80\xa6'"
2018-07-24 04:43:16,b'The Latest: #Congress drops bid to ease nuke agency control - https://t.co/JxV1anZ8SC'
2018-07-24 04:42:49,"b""RT @rajyashw: The corrupt wants us to forget their corruption and us to forgive them.\n\nThey want us to forgive that they didn't do developm\xe2\x80\xa6"""
2018-07-24 04:42:19,b'\xf0\x9f\x97\x9e\xef\xb8\x8f \xe2\x80\x98Here and Now\xe2\x80\x99: HBO Alan Ball Series Canceled After One Season \n\nhttps://t.co/I1wIRE5jIa \n\nArticle Published on\xe2\x80\xa6 https://t.co/3tjVdJyKCx'
2018-07-24 04:41:38,"b""RT @ShaktiShekhar: Why did #Congress delete video link of Rahul Gandhi's address to extended #CongressWorkingCommittee meet? Read what he s\xe2\x80\xa6"""
2018-07-24 04:41:20,b'@t_d_h_nair If commercial details of defence deals during #Congress @INCIndia &amp; #UPA regime wr open &amp; transparent a\xe2\x80\xa6 https://t.co/CyeRSv0Iy3'
2018-07-24 04:40:30,b'@t_d_h_nair If commercial details of defence deals during #Congress @INCIndia &amp; #UPA regime wr open &amp; transparent a\xe2\x80\xa6 https://t.co/6elCBEvtSW'
2018-07-24 04:39:20,b'@t_d_h_nair If commercial details of defence deals during #Congress @INCIndia &amp; #UPA regime wr open &amp; transparent a\xe2\x80\xa6 https://t.co/423hz58DYW'
2018-07-24 04:38:08,b'Time for better representation of #women in our #Congress. #womensupportingwomen #WalkTogether #BrandNewCongress\xe2\x80\xa6 https://t.co/ORGfXFhirf'
2018-07-24 04:38:02,b'RT @khushsundar: BJP has tried every trick in the book to take away the failures of their govt and blame the #Congress n @RahulGandhi but n\xe2\x80\xa6'
2018-07-24 04:37:36,"b'Shashi &amp; Mamta have their arse on fire\n\nAnd, the serious part is even the Muslims in India do not want to be a part\xe2\x80\xa6 https://t.co/5cDRvRI630'"
2018-07-24 04:36:40,"b'@mvmeet #PChidambaram, Tihar number is better then your prediction.\n\nYour CWC meeting will be held every day in mes\xe2\x80\xa6 https://t.co/DczY839pd3'"
2018-07-24 04:35:41,b'RT @MakeItPlain: There are many rich minorities. So why are there no black Koch brothers? https://t.co/qy3jHFX8jC #Getwoke #politics #Dems\xe2\x80\xa6'
2018-07-24 04:35:31,"b'RT @KatieOrrico: FLASHBACK --&gt; ""Neurosurgery and 800 Other Groups Urge Congress to Repeal the Medical Device Excise Tax."" The urgency to #R\xe2\x80\xa6'"
2018-07-24 04:35:28,b'RT @Vin4modi: Congress councilor from Ahmednagar arrested for dealing in Demonetized Notes worth 3.5 crore!!\n\nNo wonder why #Congress was a\xe2\x80\xa6'
2018-07-24 04:35:04,"b'RT @profpaVarghese: The chief agendas of d #Congress seem to be corruption, perpetuating dynasty, divisive politics and anti-Hindu stand. I\xe2\x80\xa6'"
2018-07-24 04:35:01,"b'#ice is a government agency. That means- funded by tax payers. I, a tax payer, do not support this exploitation of\xe2\x80\xa6 https://t.co/A9ruCoSqLA'"
2018-07-24 04:34:27,"b""#Congress' #AbhishekSinghvi defends Female Genital Mutilation as 'religious practice', govt and petitioner seek ban\xe2\x80\xa6 https://t.co/xCnpVgJZZd"""
2018-07-24 04:32:52,b'RT @NEWS9TWEETS: #BIGNEWS: Congress leaders reportedly fear exposure over alleged involvement in #BowringInstitute locker case. #Congress l\xe2\x80\xa6'
2018-07-24 05:48:17,b'Are Nocturnal Emissions A Thing To Bother About?\n\nVisit : https://t.co/m76IIkuoKF\n\n#Modi #ayurveda #sexologyst\xe2\x80\xa6 https://t.co/wp6tKFwSVW'
2018-07-24 05:46:31,b'RT @CRAZYMATHS1: @OlufemiAwoyemi @PaulKagame @narendramodi @PMOIndia @NGRPresident Long live Africa \nLong live india\n#IndiaTrustsModi \n#Modi'
2018-07-24 05:43:48,b'RT @samirsaran: My latest for the @wef on the @PMOIndia \xe2\x80\x98s speech at #Shangrila and what we must attempt to do soon. \n\n#IndoPacific #Modi #\xe2\x80\xa6'
2018-07-24 05:41:44,"b'RT @AthanTashobya: President @PaulKagame bid farewell to Chinese President #XiJinping \n\n30 minutes later, he welcomed Indian Prime Minister\xe2\x80\xa6'"
2018-07-24 05:38:21,b'Rahul Gandhi vs PM Modi Speech: Who was better? | Analysis by Dhruv Rathee #India #Politics #Modi #BJP #NDA\xe2\x80\xa6 https://t.co/n0KwVjGHTp'
2018-07-24 05:37:51,b'@Dhuandhaar Never believe in a person who is talking too much #Modi and Any thing can be possible if world unites #ThaiCaveRescue'
2018-07-24 05:37:45,b'RT @mythr89: @TVMohandasPai @chetan_bhagat\n@Prof_Hariom @ippatel @vivekagnihotri @Swamy39 @punarutthana @jsaideepak\n@SrijanFn @People4Dharm\xe2\x80\xa6'
2018-07-24 05:37:39,b'@TVMohandasPai @chetan_bhagat\n@Prof_Hariom @ippatel @vivekagnihotri @Swamy39 @punarutthana @jsaideepak\n@SrijanFn\xe2\x80\xa6 https://t.co/uy7USi29Ar'
2018-07-24 05:37:31,"b""RT @AzharPanni: @betterpakistan If \xf0\x9f\x87\xb5\xf0\x9f\x87\xb0's nuclear button can be entrusted to #Modi's Yaar #NawazSharif the goofiest PM  of Pakistan then sure\xe2\x80\xa6"""
2018-07-24 05:37:29,b'RT @samirsaran: My latest for the @wef on the @PMOIndia \xe2\x80\x98s speech at #Shangrila and what we must attempt to do soon. \n\n#IndoPacific #Modi #\xe2\x80\xa6'
2018-07-24 05:49:53,"b'RT @bainjal: While Modi is away on his now 80 plus foreign visit, &amp; will hit the campaign trial in UP after return, we have no finance mini\xe2\x80\xa6'"
2018-07-24 05:49:53,b'@rashtrapatibhvn @narendramodi @arunjaitley @PiyushGoyal @AmitShah @INCIndia @mukeshambani641 @TimesNow @aajtak\xe2\x80\xa6 https://t.co/QJ3tGmWXdk'
2018-07-24 05:49:51,b'RT @AshokGoelBJP: Record! PM Shri @narendramodi ji becomes 1st Indian PM to set foot in Rwanda. #BJPNewsTrack\n#Rwanda https://t.co/aZhqS30m\xe2\x80\xa6'
2018-07-24 05:49:48,b'RT @TheDesiEdge: Rahul: Where is Black Money?\n\nModi: I am a Tea Seller.\xf0\x9f\x98\x9f\n\nRahul: Where is 15 lakhs?\n\nModi: I am son of Poor Mother. \xf0\x9f\x98\xa5\n\nRahu\xe2\x80\xa6'
2018-07-24 05:49:48,"b'RT @Tinni_Aphrodite: This mimicry by Prime Minister Modi was not merely politically incorrect and indecent, it was also racist and chauvini\xe2\x80\xa6'"
2018-07-24 05:49:47,b'RT @anandrai177: Rahul: Where is Black Money?\nModi: I am a Tea Seller.\nRahul: Where is 15 lakhs?\nModi: I am son of Poor Mother. \nRahul: Raf\xe2\x80\xa6'
2018-07-24 05:49:47,b'RT @AshokGoelBJP: Record! PM Shri @narendramodi ji becomes 1st Indian PM to set foot in Rwanda. #BJPNewsTrack\n#Rwanda https://t.co/aZhqS30m\xe2\x80\xa6'
2018-07-24 05:49:47,b'RT @SupariMan_: Narendra Modi \n1. When in Opposition vs \n2. When in Power https://t.co/QdNEebF7xk'
2018-07-24 05:49:44,"b""@republic Don't know why coloumbians call him rapist too, not heard saw it on google. Bolo mat isme bhi MODI ka haath hey"""
2018-07-24 05:49:43,b'RT @pankhuripathak: A journalist mentioned 2 days back that Mr. Modi is not happy with @jayantsinha as he stood &amp; clapped while @RahulGandh\xe2\x80\xa6'
2018-07-24 05:49:42,"b'Pakistani politicians are saying \xe2\x80\x9cVote for me, I\xe2\x80\x99ll work like Narendra Modi\xe2\x80\x9d\n\nBut few Indian politicians are saying\xe2\x80\xa6 https://t.co/Tqlf8DtvSg'"
2018-07-24 05:49:41,b'PM Modi interacts with Indian community in Rwanda\nhttps://t.co/8xSt3EKHDQ via NaMo App https://t.co/a4Cu1r8kfm'
2018-07-24 05:49:41,b'RT @ShekharGupta: Modi can\xe2\x80\x99t hope to fight \xe2\x80\x98love-guru\xe2\x80\x99 Rahul with the chaiwalla narrative\n\n@dksingh73 writes: https://t.co/F6wg7L0nHH'
2018-07-24 05:49:41,b'RT @Babujimenon: The entire print &amp; visual media  is sold to the Hindu/Modi hating anti national dacoit syndicate &amp; have pledged their loya\xe2\x80\xa6'
2018-07-24 05:49:41,"b'RT @moronhumor: If RG was a child during 84, then most of BJP-RSS even PM Modi weren\xe2\x80\x99t even born when Godse killed Gandhi. I\xe2\x80\x99m sure next 31\xe2\x80\xa6'"
2018-07-24 05:49:41,b'@ndtvvideos This man is terrorist and modi govt giving protection to these terrorist just like pakistan give protection to terrorist'
2018-07-24 05:49:41,"b'RT @waglenikhil: After Rajnath Singh\xe2\x80\x99s speech in LS, all BJP spokespersons site 1984 Sikh massacre to cover up #MobLynching and attack Cong\xe2\x80\xa6'"
2018-07-24 05:49:40,"b'RT @RahulGandhi: Policemen in #Alwar took 3 hrs to get a dying Rakbar Khan, the victim of a lynch mob, to a hospital just 6 KM away. \n\nWhy?\xe2\x80\xa6'"
2018-07-24 05:49:40,"b'RT @GauravPandhi: When BJP MPs/Ministers applaud &amp; defend lynching accused, pay for their legal aide, garland those who are convicted and y\xe2\x80\xa6'"
2018-07-24 05:49:39,b'@rwac48 #modi has POOPED #rafale 36 deal + KRAP explanations + secret cost\nbut\narticle is #India typical\xe2\x80\xa6 https://t.co/BJo0bOmhcy'
2018-07-24 05:49:38,b'RT @DongaBrijesh: PM Modi interacts with Indian community in Rwanda\n\xe2\x81\xa6@narendramodi\xe2\x81\xa9 \xe2\x81\xa6@PMOIndia\xe2\x81\xa9 https://t.co/zQOt6wk5Xf'
2018-07-24 05:49:38,"b'RT @JayaHoIndia: Kesineni Nani also wanted to buy Air India but BJP Govt asked him to take a hike. Nani\'s dreams of making it from ""Bus to\xe2\x80\xa6'"
2018-07-24 05:49:34,"b'RT @vispikaikobad: @Shehzad_Ind is a contract gaslighter, currently hired by @TimesNow to jump through their hoops on command.\n\nWhen the ti\xe2\x80\xa6'"
2018-07-24 05:49:34,b'RT @ashokgehlot51: Shocking how a victim of #MobLynching was treated by policemen. Rahul ji has expressed the pain of lakhs of ppl over the\xe2\x80\xa6'
2018-07-24 05:49:34,b'RT @divyaspandana: Mani Shankar Aiyar May not say things that are \xe2\x80\x98politically\xe2\x80\x99 right but boy is he right-what a brilliant piece! https://t\xe2\x80\xa6'
2018-07-24 05:49:33,b'RT @shyamchaturvedi: PM Modi interacts with Indian community in Rwanda\nhttps://t.co/8rt1TB7RKC via NaMo App https://t.co/JEoXwTplVN'
2018-07-24 05:49:32,b'RT @sanghaviharsh: How a Modi autograph turned West Bengal village girls into local celebrities https://t.co/rUfGtagNBg via @indiatoday'
2018-07-24 05:49:32,"b'RT @saaxenanurag: NDA govt from the day first working hard to develop world class infrastructure, this pace should be maintained. https://t\xe2\x80\xa6'"
2018-07-24 05:49:31,b'RT @ashoswai: Are you a journalist or a joker? This is not the job of so-called Bollywood brigade or liberal intellectuals. Providing prote\xe2\x80\xa6'
2018-07-24 05:49:31,"b'RT @Sunil_Deodhar: FY18 witnesses highest road construction pace of 27 km per day, almost twice than that in the FY14: Report https://t.co/\xe2\x80\xa6'"
2018-07-24 05:49:31,"b'RT @RituRathaur: While @rahulgandhi continues to do ""HATE POLITICS"" &amp; spread lies here is a great news ..\nThanks to @narendramodi governmen\xe2\x80\xa6'"
2018-07-24 05:49:29,b'RT @brigvkagrawal: Mani Shankar Aiyyar calls Modi graceless person for his comments on Rahul hug:does any1ever expect praise4Modi fm him wh\xe2\x80\xa6'
2018-07-24 05:49:27,b'RT @Shubhrastha: I don\xe2\x80\x99t hate what you write Barkha. I want to understand what makes it okay to misrepresent the reality of this nation - f\xe2\x80\xa6'
2018-07-24 05:49:27,b'RT @inquestioner: Modi is an utter failure as PM.\n\nRT if you agree.'
2018-07-24 05:49:27,b'RT @TheDesiEdge: Rahul: Where is Black Money?\n\nModi: I am a Tea Seller.\xf0\x9f\x98\x9f\n\nRahul: Where is 15 lakhs?\n\nModi: I am son of Poor Mother. \xf0\x9f\x98\xa5\n\nRahu\xe2\x80\xa6'
2018-07-24 05:49:24,b'RT @14Sandeepgoyal: @manoranjana @BJP4India @BJP4Delhi @AshokviharD\nLong live @narendramodi\n#Modi_fiedIndia\nHow a Modi autograph turned Wes\xe2\x80\xa6'
2018-07-24 05:49:23,"b""RT @ashokgehlot51: #RahulGandhi ji hugged Modi ji after his speech but\xe2\x80\xa6 Unfortunately, Rahul ji's gesture of goodwill,  his reaching out to\xe2\x80\xa6"""
2018-07-24 05:49:23,"b'RT @SwarajyaMag: In the last four years, under PM Modi leadership, it has been proven time and again that hate can only be answered with ac\xe2\x80\xa6'"
2018-07-24 05:49:23,b'RT @Sunil_Deodhar: Record! Narendra Modi becomes 1st Indian PM to set foot in\xc2\xa0Rwanda https://t.co/UrJxyoBeaj via @FinancialXpress'
2018-07-24 05:49:22,b'Record! Narendra Modi becomes 1st Indian PM to set foot in Rwanda\nhttps://t.co/rLxiLG3Mvr\n\nvia NaMo App https://t.co/ud3m2ur8x5'
2018-07-24 05:49:21,"b'RT @waglenikhil: After Rajnath Singh\xe2\x80\x99s speech in LS, all BJP spokespersons site 1984 Sikh massacre to cover up #MobLynching and attack Cong\xe2\x80\xa6'"
2018-07-24 05:49:20,b'RT @INCAssam: This is how @RahulGandhi exposed the lies of Modi govt on #RafaleDeal in the parliament. #ChowkidarNahiBhagidar https://t.co/\xe2\x80\xa6'
2018-07-24 05:49:20,b'@jamewils Was it so earlier also?\nhttps://t.co/lZg8nPp6lJ'
2018-07-24 05:49:18,"b""RT @iMac_too: Only PM Modi can take it to junta &amp; explain them the significance of it in long term for the country. I'm sure he will do it\xe2\x80\xa6"""
2018-07-24 05:49:17,b'RT @GanaVK: @tavleen_singh @keshda Modi has actually called out gau rakshaks at least twice ( once when canvassing and once during mann ki\xe2\x80\xa6'
2018-07-24 05:49:15,b'RT @rssurjewala: Modi Govt\xe2\x80\x99s diabolical attack on Dairy Farmers\xf0\x9f\xa5\x9b \nExports drop by 91%\xe2\xac\x87\xef\xb8\x8f\n\nQuantity of India\xe2\x80\x99s Exports of Skimmed Milk Powder\xe2\x80\xa6'
2018-07-24 05:49:15,b'@abpnewshindi @asadowaisi If the relentless lynchings continue in the country for some more time. UN and USA will i\xe2\x80\xa6 https://t.co/xMpctEjBO6'
2018-07-24 05:49:14,"b""RT @ashokgehlot51: #RahulGandhi ji hugged Modi ji after his speech but\xe2\x80\xa6 Unfortunately, Rahul ji's gesture of goodwill,  his reaching out to\xe2\x80\xa6"""
2018-07-24 05:49:12,"b'RT @devanshinanwan1: @PiyushGoyal Gd mrng sirji, \nP.M.Modi assured at Sydney that he will bring relief for innocents suffering from misuse\xe2\x80\xa6'"
2018-07-24 05:49:12,b'It has been a long time now that it is clear that Modi has no intention of castigating these extremists. As such he\xe2\x80\xa6 https://t.co/ioCXtObEWm'
2018-07-24 05:49:12,"b'RT @srinivasiyc: PM Modi, is this the ""New India"" or Jungle Raaj?\nOne shock after another.\nAnd still, BJP govt thinks a law against lynchin\xe2\x80\xa6'"
2018-07-24 05:49:09,"b'RT @SitaramYechury: The only thing to hide in the Rafale deal is how a PSU was replaced by his own crony by Modi. First, claims the deal pr\xe2\x80\xa6'"
2018-07-24 05:49:09,"b""@manakgupta Yeah even Modi couldn't won Gujarat and Karnataka elections without Mentioning of Congress party collud\xe2\x80\xa6 https://t.co/ZxMm4mNW1u"""
2018-07-24 05:49:08,b'RT @Sunil_Deodhar: Record! Narendra Modi becomes 1st Indian PM to set foot in\xc2\xa0Rwanda https://t.co/UrJxyoBeaj via @FinancialXpress'
2018-07-24 05:49:07,"b""RT @paranjoygt: Nirmala Sitharaman's answers do not explain Modi govt's refusal to disclose Rafale details https://t.co/jjZ6UmD8nZ via @The\xe2\x80\xa6"""
2018-07-24 05:49:06,"b""RT @INCIndia: PM Modi's jumla strike on farmers: average annual increases in MSPs have been the lowest under Modi, as compared to UPA-I &amp; U\xe2\x80\xa6"""
2018-07-24 05:49:05,"b""RT @ANI: #WATCH: The Indian Community in #Rwanda's Kigali chants 'Modi,Modi', as PM Modi leaves the dais after addressing them. https://t.c\xe2\x80\xa6"""
2018-07-24 05:49:05,"b'RT @tariqasif: Those who will still support PMLN, PPP or ANP, their vote will directly go to BJP and it will strengthen Modi.\n\n #\xd9\xb9\xda\xbe\xd9\xbe\xd8\xa7_\xd9\x84\xda\xaf\xd8\xa7\xd8\xa4_\xe2\x80\xa6'"
2018-07-24 05:49:05,b'RT @yasarshah_SP: At least the Yale scholar agrees that hate is being \xe2\x80\x9cpresided over\xe2\x80\x9d by Modi and his government. \nRahul Gandhi wasn\xe2\x80\x99t the\xe2\x80\xa6'
2018-07-24 05:49:03,"b'RT @srinivasiyc: PM Modi, is this the ""New India"" or Jungle Raaj?\nOne shock after another.\nAnd still, BJP govt thinks a law against lynchin\xe2\x80\xa6'"
2018-07-24 05:49:02,"b'RT @Sunil_Deodhar: FY18 witnesses highest road construction pace of 27 km per day, almost twice than that in the FY14: Report https://t.co/\xe2\x80\xa6'"
2018-07-24 05:49:02,b'RT @James_Beyond: I AM VOTING FOR MODI IN 2019! \xf0\x9f\x98\x8a\n\nRT if you are one of me. \xf0\x9f\x98\x8a'
2018-07-24 05:49:01,"b'RT @abhijitmajumder: As PM Modi is set to visit South Africa for #BRICS, my piece in @MyNation recalling the dubious Gupta Brothers, UPA\xe2\x80\x99s\xe2\x80\xa6'"
2018-07-24 05:48:59,b'@ViraatianSK They are doing Business for more than 30years.  Seen Many Governments.  \n\nMODI will go in Eight Months.'
2018-07-24 05:48:57,"b'RT @SheopurGoushala: ""HORRIFIC rise in Rape law Misuse, POCSO law Misuse! Modi Sir, review POCSO law\'s LOOPHOLES as TOP Priority #MisuseOfR\xe2\x80\xa6'"
2018-07-24 05:48:56,b'RT @anandrai177: Rahul: Where is Black Money?\nModi: I am a Tea Seller.\nRahul: Where is 15 lakhs?\nModi: I am son of Poor Mother. \nRahul: Raf\xe2\x80\xa6'
2018-07-24 05:48:56,"b""President Paul Kagame's gesture is a sign of respect for entire India: PM Narendra Modi in Rwanda\xe2\x80\xa6 https://t.co/o0iXULhzy7"""
2018-07-24 05:48:56,b'RT @BJP4India: Modi government slashes minimum deposit limit of Sukanya Samriddhi Yojana to Rs. 250 from Rs. 1000 earlier. #SecuringNariSha\xe2\x80\xa6'
2018-07-24 05:48:55,b'RT @Reema_bjp: Record! Narendra Modi becomes 1st Indian PM to set foot in Rwanda\n\nhttps://t.co/zTqnSwGPSn \n\nvia NaMo App https://t.co/LYp8u\xe2\x80\xa6'
2018-07-24 05:48:55,b'RT @rohini_sgh: Just wondering. Did a single Modi minister condemn the horrific rape of the little girl in J&amp;K or the Unnao one? Or the Che\xe2\x80\xa6'
2018-07-24 05:48:55,b'RT @ArvindKejriwal: Yes. Modi govt removed Atishi Marlena as advisor to Del govt. And the world is appreciating her efforts. https://t.co/3\xe2\x80\xa6'
2018-07-24 05:48:54,"b'RT @GauravGogoiAsm: PM Modi invests time in mocking opponents, fabricating imaginary job numbers and silently supporting mob violence. @Rah\xe2\x80\xa6'"
2018-07-24 05:48:54,b'RT @Dharmesh8690: Record! PM Shri @narendramodi Ji becomes 1st Indian PM to set foot in Rwanda. https://t.co/4TpWhIP511'
2018-07-24 05:48:53,b'RT @divyaspandana: Mani Shankar Aiyar May not say things that are \xe2\x80\x98politically\xe2\x80\x99 right but boy is he right-what a brilliant piece! https://t\xe2\x80\xa6'
2018-07-24 05:48:53,"b""Modi govt can share Rafale deal details with Opposition, France's Macron tells India Today\nhttps://t.co/7mRPP7Md3x\n #IndiaTrustsModi"""
2018-07-24 05:48:52,b'RT @Being_Humor: Hello twitter! Had DM conversation with @ashu3page ji. Convinced him that if Modi is responsible for his followers\xe2\x80\x99 act th\xe2\x80\xa6'
2018-07-24 05:48:52,b'RT @KimKamasa: Time Check: 6:53pm President Kagame bids farewell to Chinese President Xi Jinping after his two day State Visit\n\nTime Check:\xe2\x80\xa6'
2018-07-24 05:48:52,b'RT @Cawnporiah: PM in Africa: Modi to gift 200 cows to Rwandan village as part of Girinka scheme https://t.co/rEVlEhVGwz via @timesofindia'
2018-07-24 05:48:51,b'@kjshikhar Clear difference. Modi never promised Good Days to Germans.'
2018-07-24 05:48:49,b'RT @Reema_bjp: Record! Narendra Modi becomes 1st Indian PM to set foot in Rwanda\n\nhttps://t.co/zTqnSwGPSn \n\nvia NaMo App https://t.co/LYp8u\xe2\x80\xa6'
2018-07-24 05:48:49,b'RT @INCMaharashtra: Wake up Mr.Minister @PiyushGoyal !\nHon. High Court is asking if you are sleepwalking?\n\nOr is the Modi Govt building a b\xe2\x80\xa6'
2018-07-24 05:48:48,"b""@BDUTT @washingtonpost Modi couldn't digest the kheer"""
2018-07-24 05:48:47,"b'RT @waglenikhil: Nirmala Sitharaman\xe2\x80\x99s answers do not explain Modi govt\xe2\x80\x99s refusal to disclose Rafale details, writes Shrinath Raghvan https:\xe2\x80\xa6'"
2018-07-24 05:48:46,b'RT @KimKamasa: Time Check: 6:53pm President Kagame bids farewell to Chinese President Xi Jinping after his two day State Visit\n\nTime Check:\xe2\x80\xa6'
2018-07-24 05:48:46,"b'Thanks to Modi government, pace of road construction now twice; companies to see whopping 20% growth\xe2\x80\xa6 https://t.co/ljAHmQlWkY'"
2018-07-24 05:48:46,b'RT @ArvindKejriwal: Yes. Modi govt removed Atishi Marlena as advisor to Del govt. And the world is appreciating her efforts. https://t.co/3\xe2\x80\xa6'
2018-07-24 05:48:45,"b'RT @mvmeet: Pakistani politicians are saying \xe2\x80\x9cVote for me, I\xe2\x80\x99ll work like Narendra Modi\xe2\x80\x9d\n\nBut few Indian politicians are saying that India\xe2\x80\xa6'"
2018-07-24 05:48:45,"b'RT @GauravGogoiAsm: PM Modi invests time in mocking opponents, fabricating imaginary job numbers and silently supporting mob violence. @Rah\xe2\x80\xa6'"
2018-07-24 05:48:45,b'RT @SupariMan_: Narendra Modi \n1. When in Opposition vs \n2. When in Power https://t.co/QdNEebF7xk'
2018-07-24 05:48:44,b'RT @t_d_h_nair: Modi Becomes First Indian PM To Spend 190 Days On Foreign Trips In 4 Years\nModi Becomes First Indian PM To Visit 84 Countri\xe2\x80\xa6'
2018-07-24 05:48:44,"b'RT @AmitShah: It was a pleasure to meet, Bharat Ratna Lata Didi @mangeshkarlata, at her home in Mumbai. As a part of ""Sampark For Samarthan\xe2\x80\xa6'"
2018-07-24 05:48:43,"b'RT @rishibagree: A lynching is only a lynching if you can blame Hindus, RSS, Modi.\nRest of the lynchings fall in chota-mota incident catego\xe2\x80\xa6'"
2018-07-24 05:48:43,b'RT @deleepks: #AmrapaliCenturianPark\n#AmrapaliFlatBuyers\n#CheatedHomeBuyers\n@centurianparkb1 @amitgupta301279 @PMOIndia @narendramodi Dear\xe2\x80\xa6'
2018-07-24 05:48:42,b'RT @INCMaharashtra: Wake up Mr.Minister @PiyushGoyal !\nHon. High Court is asking if you are sleepwalking?\n\nOr is the Modi Govt building a b\xe2\x80\xa6'
2018-07-24 05:48:40,"b'RT @NewTimesRwanda: India\xe2\x80\x99s Prime Minister Narendra Modi, has arrived in Rwanda for a two-day State Visit accompanied by 100 Indian busines\xe2\x80\xa6'"
